manufacturer,mpn,part_label,category,kind,observed_property,actuatable_property,feature_of_interest,vcc_min,vcc_max,logic_level,i_active_mA,i_idle_uA,iface,i2c_addr_default,i2c_addr_range,spi_max_mhz,uart_baud,sample_rate_max_hz,latency_ms,accuracy_pct,range_min,range_max,units,datasheet_url,product_url,offer_price,currency,lifecycle,notes,package_case,pin_count,temp_min_c,temp_max_c,clock_mhz
Vince Callahan,nan,128 x 64 Graphic LCD,actuator,display_lcd,,,,,,,,,,,,,,,,,,,,,http://www.arduino.cc/playground/Code/GLCDks0108,,,,imported_from_fritzing,,,,,
Generic,nan,12V DC Adapter,power,dc_12v_adapter,,,,12.0,12.0,,,,,POWER,,,,,,,,,,,,https://a.co/d/cjnAyh1,,,,,,,,
lionelmichel,nan,16-segment display,actuator,display_segment,,,,,,,,,,,,,,,,,,,,,,,,,imported_from_fritzing,,,,,
Azharul Haque,nan,3-Axis Accelerometer Breakout - MMA8452Q,sensor,accelerometer,,,,,,,,,,,,,,,,,,,,,,,,,imported_from_fritzing,,,,,
Brendan Howell/Dirk van Osterbosch/Lionel Michel,nan,4 x AAA Battery Mount,power,battery,,,,,,,,,,,,,,,,,,,,,,,,,imported_from_fritzing,,,,,
Generic,nan,5V DC Adapter,power,dc_5v_adapter,,,,5.0,5.0,,,,,POWER,,,,,,,,,,,,https://a.co/d/03I4wIY,,,,,,,,
www.fritzing.org,nan,7-SEGMENT-4DIGIT,actuator,display_segment,,,,,,,,,,,,,,,,,,,,,,,,,imported_from_fritzing,,,,,
www.fritzing.org,nan,7-SEGMENT-4DIGIT-YOUNGSUN,actuator,display_segment,,,,,,,,,,,,,,,,,,,,,,,,,imported_from_fritzing,,,,,
Stefan Hermann,nan,7 Segment Display,actuator,display_segment,,,,,,,,,,,,,,,,,,,,,,,,,imported_from_fritzing,,,,,
www.fritzing.org,nan,7-SEGMENT-DISPLAY,actuator,display_segment,,,,,,,,,,,,,,,,,,,,,,,,,imported_from_fritzing,,,,,
www.fritzing.org,nan,7-SEGMENT-DISPLAY-1_-RED,actuator,display_segment,,,,,,,,,,,,,,,,,,,,,,,,,imported_from_fritzing,,,,,
lionelmichel,nan,7-Segment LED Display,actuator,display_segment,,,,,,,,,,,,,,,,,,,,,,,,,imported_from_fritzing,,,,,
SparkFun,nan,9 Degrees of Freedom - Sensor Stick,sensor,sensor,,,,,,,,,,,,,,,,,,,,,http://www.sparkfun.com/products/10724,,,,imported_from_fritzing,,,,,
www.fritzing.org,nan,ACS712,sensor,current,,,,,,,,,,,,,,,,,,,,,,,,,imported_from_fritzing,,,,,
jonathan,nan,ACS712 Low Current Sensor Board v12,sensor,current,,,,,,,,,,,,,,,,,,,,,http://www.sparkfun.com/products/8883,,,,imported_from_fritzing,,,,,
Analog Devices,nan,AD22100 - Voltage Output Temperature Sensor with Signal Conditioning,sensor,sensor,,,,,,,,,,,,,,,,,,,,,http://www.analog.com/AD22100,,,,imported_from_fritzing,,,,,
Analog Devices,nan,AD22151 - Linear Output Magnetic Field Sensor,sensor,magnetometer,,,,,,,,,,,,,,,,,,,,,http://www.analog.com/AD22151G,,,,imported_from_fritzing,,,,,
Analog Devices,nan,AD654 - Low Cost Monolithic Voltage-to-Frequency Converter,power,regulator,,,,,,,,,,,,,,,,,,,,,http://www.analog.com/ad654,,,,imported_from_fritzing,,,,,
Christophe Augier,nan,Adafruit Atmega32u4 Breakout Board,controller,controller,,,,,,,,,,,,,,,,,,,,,,,,,imported_from_fritzing,,,,,
pkurtans,nan,Adafruit HUZZAH ESP8266 Breakout,controller,esp8266,,,,2.5,3.6,3.3,,,UART|I2C|SPI|ADC|GPIO,,,,,,,,,,,,https://learn.adafruit.com/adafruit-huzzah-esp8266-breakout/overview,,,,imported_from_fritzing,,,,,
Analog Devices,nan,ADMP504 - Ultralow Noise Microphone with Bottom Port and Analog Output,sensor,microphone,,,,,,,,,,,,,,,,,,,,,http://www.analog.com/ADMP504,,,,imported_from_fritzing,,,,,
Analog Devices,nan,ADP3300 - High Accuracy 50mA Low Dropout Linear Regulator,power,regulator,,,,,,,,,,,,,,,,,,,,,http://www.analog.com/ADP3300,,,,imported_from_fritzing,,,,,
www.fritzing.org,nan,ADXL180,sensor,accelerometer,,,,,,,,,,,,,,,,,,,,,,,,,imported_from_fritzing,,,,,
www.fritzing.org,nan,ADXL193,sensor,accelerometer,,,,,,,,,,,,,,,,,,,,,,,,,imported_from_fritzing,,,,,
Analog Devices,nan,"ADXL327 - Small, Low Power, #-Axis +/-2G Accelerometer",sensor,accelerometer,,,,,,,,,,,,,,,,,,,,,http://www.analog.com/ADXL327,,,,imported_from_fritzing,,,,,
www.fritzing.org,nan,ADXL335,sensor,accelerometer,,,,,,,,,,,,,,,,,,,,,,,,,imported_from_fritzing,,,,,
www.fritzing.org,nan,ADXL345,sensor,accelerometer,,,,,,,,,,,,,,,,,,,,,,,,,imported_from_fritzing,,,,,
www.fritzing.org,nan,Alphanumeric LED Display,actuator,led,,,,,,,,,,,,,,,,,,,,,,,,,imported_from_fritzing,,,,,
SparkFun and Fritzing Part-o-matic,nan,Altitude/Pressure Sensor - MPL3115A2 Breakout,sensor,generic,,,,,,,,,,,,,,,,,,,,,https://www.sparkfun.com/products/11084,,,,imported_from_fritzing,,,,,
www.fritzing.org,nan,Ambient Light Sensor,sensor,light,,,,,,,,,,,,,,,,,,,,,,,,,imported_from_fritzing,,,,,
SparkFun,nan,Ambient Light Sensor (TEMT6000 Breakout Board),sensor,light,,,,,,,,,,,,,,,,,,,,,http://www.sparkfun.com/products/8688,,,,imported_from_fritzing,,,,,
althaus,nan,Arduino Board Ethernet,controller,controller,,,,,,,,,,,,,,,,,,,,,http://arduino.cc/en/Main/ArduinoBoardEthernet,,,,imported_from_fritzing,,,,,
fabian Althaus,nan,Arduino BT,controller,controller,,,,,,,,,,,,,,,,,,,,,http://arduino.cc/en/Main/ArduinoBoardBluetooth,,,,imported_from_fritzing,,,,,
SparkFun,nan,Arduino Can-Bus Shield,controller,controller,,,,,,,,,,,,,,,,,,,,,http://www.sparkfun.com/products/10039,,,,imported_from_fritzing,,,,,
SparkFun,nan,Arduino Cap Sense Shield,controller,controller,,,,,,,,,,,,,,,,,,,,,http://www.sparkfun.com/products/10508,,,,imported_from_fritzing,,,,,
SparkFun,nan,Arduino Cellular Shield,controller,controller,,,,,,,,,,,,,,,,,,,,,http://www.sparkfun.com/products/9607,,,,imported_from_fritzing,,,,,
SparkFun,nan,Arduino Color LCD Shield,controller,controller,,,,,,,,,,,,,,,,,,,,,http://www.sparkfun.com/products/9363,,,,imported_from_fritzing,,,,,
althaus,nan,Arduino Due (Rev2b),controller,controller,,,,,,,,,,,,,,,,,,,,,http://arduino.cc/en/Main/ArduinoBoardDue,,,,imported_from_fritzing,,,,,
althaus,nan,Arduino Esplora (Rev4),controller,controller,,,,,,,,,,,,,,,,,,,,,http://arduino.cc/en/Main/ArduinoBoardEsplora,,,,imported_from_fritzing,,,,,
fabian althaus,nan,Arduino Ethernet Shield (Rev3),controller,controller,,,,,,,,,,,,,,,,,,,,,http://arduino.cc/de/Main/ArduinoEthernetShield,,,,imported_from_fritzing,,,,,
althaus,nan,Arduino Fio (Funnel I/O),controller,controller,,,,,,,,,,,,,,,,,,,,,http://arduino.cc/en/Main/ArduinoBoardFio,,,,imported_from_fritzing,,,,,
SparkFun,nan,Arduino GPS Shield,controller,controller,,,,,,,,,,,,,,,,,,,,,http://www.sparkfun.com/products/10102,,,,imported_from_fritzing,,,,,
f.althaus,nan,Arduino GSM Shield,controller,controller,,,,,,,,,,,,,,,,,,,,,http://arduino.cc/en/Main/ArduinoGSMShield,,,,imported_from_fritzing,,,,,
Fabian Althaus,nan,Arduino Intel Galileo Shield/2 PCB,controller,controller,,,,,,,,,,,,,,,,,,,,,,,,,imported_from_fritzing,,,,,
Fabian Althaus,nan,Arduino Intel Galileo Shield PCB,controller,controller,,,,,,,,,,,,,,,,,,,,,,,,,imported_from_fritzing,,,,,
SparkFun,nan,Arduino Joystick Shield,controller,controller,,,,,,,,,,,,,,,,,,,,,http://www.sparkfun.com/products/9490,,,,imported_from_fritzing,,,,,
althaus,nan,Arduino Leonardo (Rev3b),controller,controller,,,,,,,,,,,,,,,,,,,,,http://arduino.cc/en/Main/ArduinoBoardLeonardo,,,,imported_from_fritzing,,,,,
Arduino,A000067,Arduino Mega 2560,controller,arduino,,,embedded_platform,7.0,12.0,5.0,,,UART|I2C|SPI|ADC|GPIO,I2C|SPI|UART|ADC|GPIO,,,,,,,,,,,,https://a.co/d/cT2LOo,,,Many GPIOs,,,,,
althaus,nan,Arduino Mega 2560 (Rev3),controller,arduino,,,,7.0,12.0,5.0,,,UART|I2C|SPI|ADC|GPIO,,,,,,,,,,,,http://arduino.cc/en/Main/ArduinoBoardMega2560,,,,imported_from_fritzing,,,,,
althaus,nan,Arduino Mega ADK (Rev3),controller,arduino,,,,7.0,12.0,5.0,,,UART|I2C|SPI|ADC|GPIO,,,,,,,,,,,,http://arduino.cc/en/Main/ArduinoBoardADK,,,,imported_from_fritzing,,,,,
f.althaus,nan,Arduino Mega Pro 3.3V,controller,arduino,,,,7.0,12.0,5.0,,,UART|I2C|SPI|ADC|GPIO,,,,,,,,,,,,https://www.sparkfun.com/products/10744,,,,imported_from_fritzing,,,,,
SparkFun,nan,Arduino Mega Proto Shield,controller,arduino,,,,7.0,12.0,5.0,,,UART|I2C|SPI|ADC|GPIO,,,,,,,,,,,,http://www.sparkfun.com/products/9346,,,,imported_from_fritzing,,,,,
jonathan,nan,Arduino Mega Proto Shield (v6),controller,arduino,,,,7.0,12.0,5.0,,,UART|I2C|SPI|ADC|GPIO,,,,,,,,,,,,,,,,imported_from_fritzing,,,,,
KingDarBoja,nan,Arduino Mega Sensor Shield v2.0,controller,arduino,,,,7.0,12.0,5.0,,,UART|I2C|SPI|ADC|GPIO,,,,,,,,,,,,,,,,imported_from_fritzing,,,,,
Fabian Althaus,nan,Arduino Mega Shield PCB,controller,arduino,,,,7.0,12.0,5.0,,,UART|I2C|SPI|ADC|GPIO,,,,,,,,,,,,,,,,imported_from_fritzing,,,,,
Stefan Hermann,nan,Arduino Mega Shield PCB,controller,arduino,,,,7.0,12.0,5.0,,,UART|I2C|SPI|ADC|GPIO,,,,,,,,,,,,,,,,imported_from_fritzing,,,,,
althaus,nan,Arduino Micro (Rev3),controller,controller,,,,,,,,,,,,,,,,,,,,,http://arduino.cc/en/Main/ArduinoBoardMicro,,,,imported_from_fritzing,,,,,
SparkFun,nan,Arduino MicroSD Shield,controller,controller,,,,,,,,,,,,,,,,,,,,,http://www.sparkfun.com/products/9802,,,,imported_from_fritzing,,,,,
SparkFun,nan,Arduino Midi Shield,controller,controller,,,,,,,,,,,,,,,,,,,,,http://www.sparkfun.com/products/9595,,,,imported_from_fritzing,,,,,
SparkFun,nan,Arduino Mini Proto Shield,controller,controller,,,,,,,,,,,,,,,,,,,,,http://www.sparkfun.com/products/9709,,,,imported_from_fritzing,,,,,
althaus,nan,Arduino Mini (Rev5),controller,controller,,,,,,,,,,,,,,,,,,,,,http://arduino.cc/en/Main/ArduinoBoardMini,,,,imported_from_fritzing,,,,,
SparkFun,nan,Arduino Modkit Shield,controller,controller,,,,,,,,,,,,,,,,,,,,,http://www.sparkfun.com/products/10018,,,,imported_from_fritzing,,,,,
SparkFun,nan,Arduino Motor Shield,actuator,controller,,,,,,,,,,,,,,,,,,,,,http://www.sparkfun.com/products/9815,,,,imported_from_fritzing,,,,,
althaus,nan,Arduino Motor Shield (Rev3),actuator,controller,,,,,,,,,,,,,,,,,,,,,http://arduino.cc/en/Main/ArduinoMotorShieldR3,,,,imported_from_fritzing,,,,,
SparkFun,nan,Arduino MP3 Player Shield,controller,controller,,,,,,,,,,,,,,,,,,,,,http://www.sparkfun.com/products/10628,,,,imported_from_fritzing,,,,,
SparkFun,nan,Arduino Musical Instrument Shield,controller,controller,,,,,,,,,,,,,,,,,,,,,http://www.sparkfun.com/products/10587,,,,imported_from_fritzing,,,,,
Althaus,nan,Arduino Nano (Rev3.0),controller,arduino,,,,7.0,12.0,5.0,,,UART|I2C|SPI|ADC|GPIO,,,,,,,,,,,,http://arduino.cc/en/Main/ArduinoBoardNano,,,,imported_from_fritzing,,,,,
Althaus,nan,Arduino Nano (Rev3.0) (ICSP),controller,arduino,,,,7.0,12.0,5.0,,,UART|I2C|SPI|ADC|GPIO,,,,,,,,,,,,http://arduino.cc/en/Main/ArduinoBoardNano,,,,imported_from_fritzing,,,,,
SparkFun,nan,Arduino Power Driver Shield,controller,controller,,,,,,,,,,,,,,,,,,,,,http://www.sparkfun.com/products/10305,,,,imported_from_fritzing,,,,,
Fabian Althaus,nan,Arduino Pro,controller,controller,,,,,,,,,,,,,,,,,,,,,http://arduino.cc/en/Main/ArduinoBoardPro,,,,imported_from_fritzing,,,,,
f.althaus,nan,Arduino Pro Mini (3.3V),controller,controller,,,,3.3,3.3,,,,,,,,,,,,,,,,https://www.sparkfun.com/products/11114,,,,imported_from_fritzing,,,,,
f.althaus,nan,Arduino Pro Mini (5V),controller,controller,,,,5.0,5.0,,,,,,,,,,,,,,,,https://www.sparkfun.com/products/11113,,,,imported_from_fritzing,,,,,
althaus,nan,Arduino Pro Mini v13,controller,controller,,,,,,,,,,,,,,,,,,,,,https://www.sparkfun.com/products/11113,,,,imported_from_fritzing,,,,,
SparkFun,nan,Arduino ProtoScrew Shield Kit,controller,controller,,,,,,,,,,,,,,,,,,,,,http://www.sparkfun.com/products/9729,,,,imported_from_fritzing,,,,,
SparkFun,nan,Arduino ProtoShield,controller,controller,,,,,,,,,,,,,,,,,,,,,http://www.sparkfun.com/products/7914,,,,imported_from_fritzing,,,,,
Arduino,nan,Arduino Prototyping Shield,controller,controller,,,,,,,,,,,,,,,,,,,,,http://arduino.cc/en/Main/ArduinoProtoShield,,,,imported_from_fritzing,,,,,
Brendan Howell,nan,Arduino Shield PCB,controller,controller,,,,,,,,,,,,,,,,,,,,,,,,,imported_from_fritzing,,,,,
Fabian Althaus,nan,Arduino Shield PCB,controller,controller,,,,,,,,,,,,,,,,,,,,,,,,,imported_from_fritzing,,,,,
althaus,nan,Arduino Uno (Rev3),controller,arduino,,,,7.0,12.0,5.0,,,UART|I2C|SPI|ADC|GPIO,,,,,,,,,,,,http://arduino.cc/en/Main/ArduinoBoardUno,,,,imported_from_fritzing,,,,,
althaus,nan,Arduino Uno (Rev3) - ICSP,controller,arduino,,,,7.0,12.0,5.0,,,UART|I2C|SPI|ADC|GPIO,,,,,,,,,,,,http://arduino.cc/en/Main/ArduinoBoardUno,,,,imported_from_fritzing,,,,,
SparkFun,nan,Arduino USB Host Shield,controller,controller,,,,,,,,,,,,,,,,,,,,,http://www.sparkfun.com/products/9947,,,,imported_from_fritzing,,,,,
SparkFun,nan,Arduino Voicebox Shield (Stephen Hawking in a box),controller,controller,,,,,,,,,,,,,,,,,,,,,http://www.sparkfun.com/products/9799,,,,imported_from_fritzing,,,,,
SparkFun,nan,Arduino WiFly Shield,controller,controller,,,,,,,,,,,,,,,,,,,,,http://www.sparkfun.com/products/9954,,,,imported_from_fritzing,,,,,
Arduino,nan,Arduino Wireless SD Shield,controller,controller,,,,,,,,,,,,,,,,,,,,,http://arduino.cc/en/Main/ArduinoWirelessShield,,,,imported_from_fritzing,,,,,
Arduino,nan,Arduino Xbee Libellium Shield,controller,controller,,,,,,,,,,,,,,,,,,,,,http://arduino.cc/it/Main/ArduinoXbeeShield,,,,imported_from_fritzing,,,,,
SparkFun,nan,Arduino XBee Shield,controller,controller,,,,,,,,,,,,,,,,,,,,,http://www.sparkfun.com/products/9976,,,,imported_from_fritzing,,,,,
fabian althaus,nan,Arduino Yun,controller,controller,,,,,,,,,,,,,,,,,,,,,http://arduino.cc/en/Main/ArduinoBoardYun?from=Main.ArduinoYUN,,,,imported_from_fritzing,,,,,
SparkFun,nan,ArduPilot Mega,controller,controller,,,,,,,,,,,,,,,,,,,,,http://www.sparkfun.com/products/10294,,,,imported_from_fritzing,,,,,
ELEGOO,nan,Assorted LEDs Kit,actuator,led,,brightness,indicator_light,,,,,,GPIO,,,,,,,,,,,,,,,Diffused flashing LEDs,,,,,,
www.fritzing.org,nan,ATMEGA128,controller,controller,,,,,,,,,,,,,,,,,,,,,,,,,imported_from_fritzing,,,,,
www.fritzing.org,nan,ATMEGA128RFA1,controller,controller,,,,,,,,,,,,,,,,,,,,,,,,,imported_from_fritzing,,,,,
Fritzing Part-o-matic,nan,atmega168,controller,controller,,,,,,,,,,,,,,,,,,,,,,,,,imported_from_fritzing,,,,,
www.fritzing.org,nan,ATMEGA168,controller,controller,,,,,,,,,,,,,,,,,,,,,,,,,imported_from_fritzing,,,,,
Mr.T,nan,atmega168 smd,controller,controller,,,,,,,,,,,,,,,,,,,,,,,,,imported_from_fritzing,,,,,
www.fritzing.org,nan,ATMEGA2560,controller,controller,,,,,,,,,,,,,,,,,,,,,,,,,imported_from_fritzing,,,,,
fabian althaus,nan,ATmega328,controller,controller,,,,,,,,,,,,,,,,,,,,,,,,,imported_from_fritzing,,,,,
Fritzing Part-o-matic,nan,atmega328,controller,controller,,,,,,,,,,,,,,,,,,,,,,,,,imported_from_fritzing,,,,,
Johannes Wronka,nan,ATMEGA32U4,controller,controller,,,,,,,,,,,,,,,,,,,,,,,,,imported_from_fritzing,,,,,
www.fritzing.org,nan,ATMEGA32U4,controller,controller,,,,,,,,,,,,,,,,,,,,,,,,,imported_from_fritzing,,,,,
Luis Emiro Linares Garcia,nan,ATmega644,controller,controller,,,,,,,,,,,,,,,,,,,,,,,,,imported_from_fritzing,,,,,
www.fritzing.org,nan,ATMEGA8U2,controller,controller,,,,,,,,,,,,,,,,,,,,,,,,,imported_from_fritzing,,,,,
www.fritzing.org,nan,ATX24 Pin Power Supply Connector,power,adapter,,,,,,,,,,,,,,,,,,,,,,,,,imported_from_fritzing,,,,,
tigoe,nan,Barometric Pressure Sensor,sensor,generic,,,,,,,,,,,,,,,,,,,,,,,,,imported_from_fritzing,,,,,
SparkFun,nan,Barometric Pressure Sensor - BMP085 Breakout,sensor,generic,,,,,,,,,,,,,,,,,,,,,http://www.sparkfun.com/products/9694,,,,imported_from_fritzing,,,,,
Richard Bruneau fixed by f.althaus,nan,Barometric Pressure Sensor - BMP180 Breakout (GY-68),sensor,temp_humidity,,,,,,,,,,,,,,,,,,,,,,,,,imported_from_fritzing,,,,,
,nan,Basic Force Sensing Resistor (FSR),sensor,flex_force,,,,,,,,,,,,,,,,,,,,,,,,,imported_from_fritzing,,,,,
Stefan Hermann,nan,Basic Servo,actuator,actuator,,,,,,,,,,,,,,,,,,,,,,,,,imported_from_fritzing,,,,,
Brendan Howell/Dirk van Osterbosch/Lionel Michel,nan,Battery,power,battery,,,,,,,,,,,,,,,,,,,,,,,,,imported_from_fritzing,,,,,
www.fritzing.org,nan,BATTERY-2,power,battery,,,,,,,,,,,,,,,,,,,,,,,,,imported_from_fritzing,,,,,
Lionel Michel,nan,Battery block 9V,power,battery,,,,9.0,9.0,,,,,,,,,,,,,,,,,,,,imported_from_fritzing,,,,,
www.fritzing.org,nan,Battery Holders,power,battery,,,,,,,,,,,,,,,,,,,,,,,,,imported_from_fritzing,,,,,
Mr.T,nan,Blue smd LED,actuator,led,,,,,,,,,,,,,,,,,,,,,,,,,imported_from_fritzing,,,,,
www.fritzing.org,nan,BMA180,sensor,accelerometer,,,,,,,,,,,,,,,,,,,,,,,,,imported_from_fritzing,,,,,
Bosch/Adafruit,BME280,BME280 Breakout,sensor,environment,temperature|humidity|pressure,,room_air,1.8,3.6,,,,I2C|SPI,0x77,,,,,,,,,,,https://www.sparkfun.com/products/13676,1.184,EUR,,High precision,,,,,
www.fritzing.org,nan,BMP085 Pressure Sensor,sensor,generic,,,,,,,,,,,,,,,,,,,,,,,,,imported_from_fritzing,,,,,
SparkFun,nan,Breadboard Power Supply Board SMD,power,adapter,,,,,,,,,,,,,,,,,,,,,http://www.sparkfun.com/products/10804,,,,imported_from_fritzing,,,,,
SparkFun,nan,Breakout Board for Electret Microphone,sensor,microphone,,,,,,,,,,,,,,,,,,,,,http://www.sparkfun.com/products/9964,,,,imported_from_fritzing,,,,,
www.fritzing.org,nan,BUTTON-MAGNETIC,sensor,magnetometer,,,,,,,,,,,,,,,,,,,,,,,,,imported_from_fritzing,,,,,
www.fritzing.org,nan,Buzzer 12mm,actuator,actuator,,,,,,,,,,,,,,,,,,,,,,,,,imported_from_fritzing,,,,,
nail,nan,CAR RELAY,actuator,actuator,,,,,,,,,,,,,,,,,,,,,,,,,imported_from_fritzing,,,,,
Digilent/Amber Mear,nan,chipKIT Motor Shield,actuator,generic,,,,,,,,,,,,,,,,,,,,,"http://digilentinc.com/Products/Detail.cfm?NavPath=2,892,1177&Prod=CHIPKIT-MOTOR-SHIELD",,,,imported_from_fritzing,,,,,
Jenny Madorsky,nan,Chirp! Soil Moisture Sensor v2.7.3,sensor,moisture,soil_moisture,,soil,3.3,5.5,,,,ADC,,,,,,,,,,,,,,,,imported_from_fritzing,,,,,
wreutz,nan,Color Sensor Breakout ADJD-S311,sensor,color,,,,,,,,,,,,,,,,,,,,,http://www.sparkfun.com/products/10701,,,,imported_from_fritzing,,,,,
SparkFun,nan,Compass Module - HMC6352,sensor,magnetometer,,,,,,,,,,,,,,,,,,,,,http://www.sparkfun.com/products/7915,,,,imported_from_fritzing,,,,,
www.fritzing.org,nan,COPERNICUS,sensor,gps,,,,,,,,,,,,,,,,,,,,,,,,,imported_from_fritzing,,,,,
www.fritzing.org,nan,COPERNICUS-DIP,sensor,gps,,,,,,,,,,,,,,,,,,,,,,,,,imported_from_fritzing,,,,,
Stephen Parry,nan,Dagu DGServo 9g (End View),actuator,actuator,,,,,,,,,,,,,,,,,,,,,,,,,imported_from_fritzing,,,,,
Stephen Parry,nan,Dagu DGServo 9g header connector (female),actuator,actuator,,,,,,,,,,,,,,,,,,,,,,,,,imported_from_fritzing,,,,,
Stephen Parry,nan,Dagu DGServo 9g header (male),actuator,actuator,,,,,,,,,,,,,,,,,,,,,,,,,imported_from_fritzing,,,,,
Stephen Parry,nan,Dagu DGServo 9g (Pan and tilt),actuator,actuator,,,,,,,,,,,,,,,,,,,,,,,,,imported_from_fritzing,,,,,
Stephen Parry,nan,Dagu DGServo 9g PCB mounting holes,actuator,actuator,,,,,,,,,,,,,,,,,,,,,,,,,imported_from_fritzing,,,,,
Stephen Parry,nan,Dagu DGServo 9g (Top view),actuator,actuator,,,,,,,,,,,,,,,,,,,,,,,,,imported_from_fritzing,,,,,
www.fritzing.org,nan,DC-DC_CONVERTER,power,regulator,,,,,,,,,,,,,,,,,,,,,,,,,imported_from_fritzing,,,,,
www.fritzing.org,nan,DCM01 Reflective Blood Sensor,sensor,generic,,,,,,,,,,,,,,,,,,,,,,,,,imported_from_fritzing,,,,,
Brendan Howell/Dirk van Osterbosch/Lionel Michel,nan,DC Motor,actuator,actuator,,,,,,,,,,,,,,,,,,,,,,,,,imported_from_fritzing,,,,,
Generic,nan,DC Motor with Gearbox (High Torque),actuator,motor_dc,,door_position,garage_door,,,,,,DRIVEN_BY_DRIVER,,,,,,,,,,,,https://a.co/d/7mfZa56,,,,,,,,,
SparkFun,nan,DeadOn RTC - DS3234 Breakout,sensor,rtc,,,,,,,,,,,,,,,,,,,,,http://www.sparkfun.com/products/10160,,,,imported_from_fritzing,,,,,
Snootlab,nan,DeuLigne 1.1 - The Snootlab's LCD shield for Arduino,controller,controller,,,,,,,,,,,,,,,,,,,,,http://shop.snootlab.com/shields-snootlab/135-deuligne.html,,,,imported_from_fritzing,,,,,
SparkFun,nan,Digital Temperature Sensor Breakout - TMP102,sensor,sensor,,,,,,,,,,,,,,,,,,,,,http://www.sparkfun.com/products/9418,,,,imported_from_fritzing,,,,,
Frank Belau,nan,DIP-Relay-D31A,actuator,actuator,,,,,,,,,,,,,,,,,,,,,,,,,imported_from_fritzing,,,,,
Bantum Works fix: f.althaus,nan,"DRV 8825 Stepper Motor Carrier, High Current",actuator,motor_stepper,,angular_position,linear_axis,12.0,24.0,,,,DRIVEN_BY_DRIVER,,,,,,,,,,,,https://www.pololu.com/product/2133,,,,imported_from_fritzing,,,,,
Revolution Education Ltd,nan,DS1307,sensor,rtc,,,,,,,,,,,,,,,,,,,,,,,,,imported_from_fritzing,,,,,
www.fritzing.org,nan,DS1307,sensor,rtc,,,,,,,,,,,,,,,,,,,,,,,,,imported_from_fritzing,,,,,
"John De Cristofaro for Adafruit Industries, fixed by f.althaus",nan,DS18B20 1-Wire Temperature Sensor,sensor,temperature,temperature,,liquid,3.0,5.5,,,,OneWire,,,,,,,,-55.0,125.0,degC,,http://www.maxim-ic.com/datasheet/index.mvp/id/2812,,,,imported_from_fritzing,,,,,
Generic,L298N,Dual H-Bridge Motor Driver (L298N),actuator,motor_driver,,motor_velocity,dc_motor,5.0,35.0,,2000.0,,GPIO|PWM,,,,,,,,,,,,https://a.co/d/7hzdG2m,,,,,,,,,
David Thomasson,nan,Dual VNH2SP30 Motor Driver,actuator,motor_driver,,,,,,,,,,,,,,,,,,,,,,,,,imported_from_fritzing,,,,,
Kubax,nan,DUO LED RG,actuator,led,,,,,,,,,,,,,,,,,,,,,,,,,imported_from_fritzing,,,,,
SparkFun,nan,EasyDriver_v44,actuator,motor_driver,,,,,,,,,,,,,,,,,,,,,http://www.sparkfun.com/products/10267,,,,imported_from_fritzing,,,,,
Brett Walach & Julien Vanier; fix: f.althaus,nan,Electron,controller,particle,,,,,,,,,,,,,,,,,,,,,https://www.particle.io,,,,imported_from_fritzing,,,,,
ELEGOO,ESP-WROOM-32,ELEGOO ESP-WROOM-32 (Bluetooth),controller,esp32,,,embedded_platform,3.3,3.3,,,,,I2C|SPI|UART|ADC|GPIO,,,,,,,,,,,,3.7843,USD,ESP32 dev board,,,,,,
www.fritzing.org,nan,EM406 GPS Connector,sensor,gps,,,,,,,,,,,,,,,,,,,,,,,,,imported_from_fritzing,,,,,
www.fritzing.org,nan,ENCODER_2LED,actuator,led,,,,,,,,,,,,,,,,,,,,,,,,,imported_from_fritzing,,,,,
ENS+ASAIR,ENS160+AHT21,ENS160 eCO2/TVOC + AHT21 Temp/Humidity,sensor,environment_multi,eCO2|TVOC|temperature|humidity,,room_air,3.3,5.0,,,,,I2C,,,,,,,,,,,,https://a.co/d/hXQ6jwH,,,,,,,,
SparkFun,nan,E-Paper Eval Board,actuator,display_epaper,,,,,,,,,,,,,,,,,,,,,http://www.sparkfun.com/products/10304,,,,imported_from_fritzing,,,,,
YDonnelly fixed f.althaus,nan,ESP8266 WiFi Module,controller,esp8266,,,,2.5,3.6,3.3,,,UART|I2C|SPI|ADC|GPIO,,,,,,,,,,,,http://www.esp8266.com,,,,imported_from_fritzing,,,,,
YDonnelly; Geert Roumen; greg-ware; Simone Picchioni + fix:f.althaus,nan,ESP8266 WiFi Module,controller,esp8266,,,,2.5,3.6,3.3,,,UART|I2C|SPI|ADC|GPIO,,,,,,,,,,,,http://www.esp8266.com,,,,imported_from_fritzing,,,,,
www.fritzing.org,nan,ET312 GPS Receiver,sensor,gps,,,,,,,,,,,,,,,,,,,,,,,,,imported_from_fritzing,,,,,
f.althaus,nan,FemtoBuck LED Driver,actuator,led,,,,,,,,,,,,,,,,,,,,,https://www.sparkfun.com/products/12937,,,,imported_from_fritzing,,,,,
www.fritzing.org,nan,GAS_SENSOR,sensor,sensor,,,,,,,,,,,,,,,,,,,,,,,,,imported_from_fritzing,,,,,
SparkFun,nan,Gas Sensor Breakout Board,sensor,sensor,,,,,,,,,,,,,,,,,,,,,http://www.sparkfun.com/products/8891,,,,imported_from_fritzing,,,,,
DKARDU,nan,Gas Sensor Module,sensor,gas_smoke,smoke,,room_air,5.0,5.0,,,,,ADC,,,,,,,,,,,,,,,Returns integer 0–360; threshold ~70,,,,,
www.fritzing.org,nan,GE863 Cellular Module with GPS,sensor,gps,,,,,,,,,,,,,,,,,,,,,,,,,imported_from_fritzing,,,,,
www.fritzing.org,nan,GM862 Cellular Module with GPS,sensor,gps,,,,,,,,,,,,,,,,,,,,,,,,,imported_from_fritzing,,,,,
www.fritzing.org,nan,GPS-09838,sensor,gps,,,,,,,,,,,,,,,,,,,,,,,,,imported_from_fritzing,,,,,
www.fritzing.org,nan,GPS Antenna Amp,sensor,gps,,,,,,,,,,,,,,,,,,,,,,,,,imported_from_fritzing,,,,,
www.fritzing.org,nan,GR-10 GPS Receiver Module,sensor,gps,,,,,,,,,,,,,,,,,,,,,,,,,imported_from_fritzing,,,,,
www.fritzing.org,nan,Graphical LCD 128x64,actuator,display_lcd,,,,,,,,,,,,,,,,,,,,,,,,,imported_from_fritzing,,,,,
Yihui Xiong,nan,Grove 3 Axis Digital Accelerometer 16g,sensor,accelerometer,,,,,,,,,,,,,,,,,,,,,,,,,imported_from_fritzing,,,,,
Yihui Xiong,nan,Grove Light Sensor,sensor,light,,,,,,,,,,,,,,,,,,,,,,,,,imported_from_fritzing,,,,,
Yihui Xiong,nan,Grove OLED 128x96,actuator,display_oled,,,,,,,,,,,,,,,,,,,,,,,,,imported_from_fritzing,,,,,
Yihui Xiong,nan,Grove Temperature Sensor,sensor,sensor,,,,,,,,,,,,,,,,,,,,,,,,,imported_from_fritzing,,,,,
Dirk van Oosterbosch,nan,H-Bridge,actuator,motor_driver,,,,,,,,,,,,,,,,,,,,,,,,,imported_from_fritzing,,,,,
Ricky Ng-Adam fixed by FA,nan,hc-sr04,sensor,distance,distance,,obstacle_proximity,4.5,5.5,5.0,,,GPIO_TRIGGER_ECHO,,,,,,,,2.0,400.0,cm,,,,,,imported_from_fritzing,,,,,
Richard Bruneau,nan,HC-SR04 Ultrasonic Distance Sensor,sensor,distance,distance,,obstacle_proximity,4.5,5.5,5.0,,,GPIO_TRIGGER_ECHO,,,,,,,,2.0,400.0,cm,,,,,,imported_from_fritzing,,,,,
www.fritzing.org,nan,HEX_CONVERTER,power,regulator,,,,,,,,,,,,,,,,,,,,,,,,,imported_from_fritzing,,,,,
www.fritzing.org,nan,HIH-4030,sensor,temp_humidity,,,,,,,,,,,,,,,,,,,,,,,,,imported_from_fritzing,,,,,
www.fritzing.org,nan,HMC1041Z,sensor,magnetometer,,,,,,,,,,,,,,,,,,,,,,,,,imported_from_fritzing,,,,,
www.fritzing.org,nan,HMC1051Z,sensor,magnetometer,,,,,,,,,,,,,,,,,,,,,,,,,imported_from_fritzing,,,,,
www.fritzing.org,nan,HMC1052L,sensor,magnetometer,,,,,,,,,,,,,,,,,,,,,,,,,imported_from_fritzing,,,,,
www.fritzing.org,nan,HMC5843,sensor,magnetometer,,,,,,,,,,,,,,,,,,,,,,,,,imported_from_fritzing,,,,,
www.fritzing.org,nan,HMC5883L,sensor,magnetometer,,,,,,,,,,,,,,,,,,,,,,,,,imported_from_fritzing,,,,,
www.fritzing.org,nan,HMC6042,sensor,magnetometer,,,,,,,,,,,,,,,,,,,,,,,,,imported_from_fritzing,,,,,
www.fritzing.org,nan,HMC6343,sensor,magnetometer,,,,,,,,,,,,,,,,,,,,,,,,,imported_from_fritzing,,,,,
www.fritzing.org,nan,HMC6352,sensor,magnetometer,,,,,,,,,,,,,,,,,,,,,,,,,imported_from_fritzing,,,,,
Martha Maldonado,nan,Humidity and Temperature Sensor RHT03,sensor,sensor,,,,,,,,,,,,,,,,,,,,,,,,,imported_from_fritzing,,,,,
SparkFun,nan,Humidity Sensor - HIH-4030 Breakout,sensor,sensor,,,,,,,,,,,,,,,,,,,,,http://www.sparkfun.com/products/9569,,,,imported_from_fritzing,,,,,
wreutz,nan,Humidity Temperature Sensor SHT15,sensor,sensor,,,,,,,,,,,,,,,,,,,,,http://www.sparkfun.com/products/8257,,,,imported_from_fritzing,,,,,
Richard Bruneau fixed: f.althaus,nan,HX711 Weighing Sensor Module,sensor,generic,,,,,,,,,,,,,,,,,,,,,,,,,imported_from_fritzing,,,,,
www.fritzing.org,nan,IMU3000,sensor,imu,,,,,,,,,,,,,,,,,,,,,,,,,imported_from_fritzing,,,,,
SparkFun,nan,IMU Analog Combo Board - 5 Degrees of Freedom,sensor,imu,,,,,,,,,,,,,,,,,,,,,http://www.sparkfun.com/products/9268,,,,imported_from_fritzing,,,,,
Andre Knoerig,nan,IMU Digital Combo Board 6DOF,sensor,imu,,,,,,,,,,,,,,,,,,,,,http://www.sparkfun.com/products/10121,,,,imported_from_fritzing,,,,,
Texas Instruments,INA226,INA226 Current/Power Monitor,sensor,current,current|voltage|power,,circuit_power,2.7,5.5,,,,I2C,I2C,,,,,,,,,,,,18.779,USD,,Shunt-based current/power monitor,,,,,
Generic,nan,Infrared Flame Sensor Module,sensor,flame,flame_presence,,room_air,3.3,5.0,,,,,ADC|DIGITAL,,,,,,,,,,,,,,,Analog + digital comparator; typical Arduino module,,,,,
Lionel Michel,nan,Infrared Proximity Sensor,sensor,generic,,,,,,,,,,,,,,,,,,,,,,,,,imported_from_fritzing,,,,,
fabian althaus,nan,Intel Edison Arduinobreakout,controller,controller,,,,,,,,,,,,,,,,,,,,,http://www.intel.com/edison,,,,imported_from_fritzing,,,,,
www.fritzing.org,nan,ITG-3200,sensor,gyro,,,,,,,,,,,,,,,,,,,,,,,,,imported_from_fritzing,,,,,
Jean-Claude Wippler,nan,JeeNode wireless microcontroller,controller,controller,,,,,,,,,,,,,,,,,,,,,http://jeelabs.net/projects/hardware/wiki/JeeNode,,,,imported_from_fritzing,,,,,
Carlos Hansen Mendoza,nan,KA78R05 Low Dropout Voltage Regulator,power,regulator,,,,,,,,,,,,,,,,,,,,,,,,,imported_from_fritzing,,,,,
www.fritzing.org,nan,KENT_LCD_CONN,actuator,display_lcd,,,,,,,,,,,,,,,,,,,,,,,,,imported_from_fritzing,,,,,
www.fritzing.org,nan,L298,actuator,motor_driver,,,,,,,,,,,,,,,,,,,,,,,,,imported_from_fritzing,,,,,
www.fritzing.org,nan,L298_BRIDGE_DRIVER,actuator,motor_driver,,,,,,,,,,,,,,,,,,,,,,,,,imported_from_fritzing,,,,,
www.fritzing.org,nan,LASSEN_IQ_GPS,sensor,gps,,,,,,,,,,,,,,,,,,,,,,,,,imported_from_fritzing,,,,,
www.fritzing.org,nan,LCD-16X2,actuator,display_lcd,,,,,,,,,,,,,,,,,,,,,,,,,imported_from_fritzing,,,,,
www.fritzing.org,nan,LCD_BACKLIGHT_PADS,actuator,display_lcd,,,,,,,,,,,,,,,,,,,,,,,,,imported_from_fritzing,,,,,
www.fritzing.org,nan,LCD_CFAX,actuator,display_lcd,,,,,,,,,,,,,,,,,,,,,,,,,imported_from_fritzing,,,,,
Lionel Michel,nan,LCD screen,actuator,display_lcd,,,,,,,,,,,,,,,,,,,,,,,,,imported_from_fritzing,,,,,
Generic,nan,LDR Module (Photoresistor),sensor,light,illuminance,,room_air,,,,,,ADC,,,,,,,,,,,,,,,Analog divider output,,,,,,
f.althaus,nan,LED BadgerArray,actuator,led,,,,,,,,,,,,,,,,,,,,,https://learn.sparkfun.com/tutorials/badgerhack,,,,imported_from_fritzing,,,,,
www.fritzing.org,nan,LED_BARGRAPH_10,actuator,led,,,,,,,,,,,,,,,,,,,,,,,,,imported_from_fritzing,,,,,
Stefan Hermann,nan,LED Dot Matrix 18mm (0.7 INCH),actuator,led,,,,,,,,,,,,,,,,,,,,,,,,,imported_from_fritzing,,,,,
SparkFun,nan,LED Matrix - Serial Interface - Red/Green/Blue,actuator,led,,,,,,,,,,,,,,,,,,,,,http://www.sparkfun.com/products/760,,,,imported_from_fritzing,,,,,
www.fritzing.org,nan,LED_RING,actuator,led,,,,,,,,,,,,,,,,,,,,,,,,,imported_from_fritzing,,,,,
www.fritzing.org,nan,LEDs,actuator,led,,,,,,,,,,,,,,,,,,,,,,,,,imported_from_fritzing,,,,,
SFE and Fritzing,nan,LED Tactile Button Breakout v10,actuator,led,,,,,,,,,,,,,,,,,,,,,https://www.sparkfun.com/products/10467,,,,imported_from_fritzing,,,,,
Fabian Althaus,nan,LilyPad Accelerometer ADXL335,controller,arduino,,,,,,,,,,,,,,,,,,,,,http://www.sparkfun.com/products/9267,,,,imported_from_fritzing,,,,,
f.althaus,nan,Lilypad Arduino Board,controller,controller,,,,,,,,,,,,,,,,,,,,,http://arduino.cc/en/Main/ArduinoBoardLilyPad,,,,imported_from_fritzing,,,,,
althaus,nan,LilyPad Arduino Simple Board,controller,controller,,,,,,,,,,,,,,,,,,,,,https://www.sparkfun.com/products/10274,,,,imported_from_fritzing,,,,,
althaus,nan,LilyPad Arduino USB,controller,controller,,,,,,,,,,,,,,,,,,,,,http://arduino.cc/en/Main/ArduinoBoardLilyPadUSB,,,,imported_from_fritzing,,,,,
Fabian Althaus,nan,Lilypad Battery Connect,controller,arduino,,,,,,,,,,,,,,,,,,,,,http://www.sparkfun.com/products/10083,,,,imported_from_fritzing,,,,,
Fabian Althaus,nan,LilyPad Button Board,controller,arduino,,,,,,,,,,,,,,,,,,,,,http://www.sparkfun.com/products/8776,,,,imported_from_fritzing,,,,,
Fabian Althaus,nan,LilyPad Buzzer,actuator,actuator,,,,,,,,,,,,,,,,,,,,,http://www.sparkfun.com/products/8463,,,,imported_from_fritzing,,,,,
f.althaus,nan,LilyPad Coin Cell Battery Holder,controller,arduino,,,,,,,,,,,,,,,,,,,,,http://www.sparkfun.com/products/10730,,,,imported_from_fritzing,,,,,
f.althaus,nan,LilyPad LED,controller,arduino,,,,,,,,,,,,,,,,,,,,,http://www.sparkfun.com/products/10081,,,,imported_from_fritzing,,,,,
f.althaus,nan,LilyPad Light Sensor,sensor,light,,,,,,,,,,,,,,,,,,,,,http://www.sparkfun.com/products/8464,,,,imported_from_fritzing,,,,,
f.althaus,nan,LilyPad LiPower,controller,arduino,,,,,,,,,,,,,,,,,,,,,https://www.sparkfun.com/products/11260,,,,imported_from_fritzing,,,,,
f.althaus,nan,Lilypad Power Supply,controller,arduino,,,,,,,,,,,,,,,,,,,,,http://www.sparkfun.com/products/11259,,,,imported_from_fritzing,,,,,
Fabian Althaus,nan,LilyPad Simple Power,controller,arduino,,,,,,,,,,,,,,,,,,,,,http://www.sparkfun.com/products/10085,,,,imported_from_fritzing,,,,,
Fabian Althaus,nan,LilyPad Slide Switch,controller,arduino,,,,,,,,,,,,,,,,,,,,,http://www.sparkfun.com/products/9350,,,,imported_from_fritzing,,,,,
Fabian Althaus,nan,LilyPad Temperature Sensor,sensor,sensor,,,,,,,,,,,,,,,,,,,,,http://www.sparkfun.com/products/8777,,,,imported_from_fritzing,,,,,
Fabian Althaus,nan,LilyPad Tri-Color LED,controller,arduino,,,,,,,,,,,,,,,,,,,,,http://www.sparkfun.com/products/8467,,,,imported_from_fritzing,,,,,
J.A. Korten - JKSOFT Educational,nan,Lilypad Vibe Motor,actuator,generic,,,,,,,,,,,,,,,,,,,,,,,,,imported_from_fritzing,,,,,
f.althaus,nan,LilyPad XBee,controller,arduino,,,,,,,,,,,,,,,,,,,,,http://www.sparkfun.com/products/8937,,,,imported_from_fritzing,,,,,
Generic,nan,Limit Switch (Endstop),sensor,contact,mechanical_limit,,garage_door,,,,,,GPIO,,,,,,,,,,,,https://a.co/d/2GAOnEG,,,,,,,,,
www.fritzing.org,nan,LIPO-1000mAh,power,battery,,,,,,,,,,,,,,,,,,,,,,,,,imported_from_fritzing,,,,,
www.fritzing.org,nan,LIPO-110mAh,power,battery,,,,,,,,,,,,,,,,,,,,,,,,,imported_from_fritzing,,,,,
www.fritzing.org,nan,LIPO-2000mAh,power,battery,,,,,,,,,,,,,,,,,,,,,,,,,imported_from_fritzing,,,,,
www.fritzing.org,nan,LIS302DL,sensor,accelerometer,,,,,,,,,,,,,,,,,,,,,,,,,imported_from_fritzing,,,,,
www.fritzing.org,nan,LIS331,sensor,accelerometer,,,,,,,,,,,,,,,,,,,,,,,,,imported_from_fritzing,,,,,
www.fritzing.org,nan,LIS3LV02DQ,sensor,accelerometer,,,,,,,,,,,,,,,,,,,,,,,,,imported_from_fritzing,,,,,
Stefan Hermann,nan,LM34 Temperature Sensor,sensor,sensor,,,,,,,,,,,,,,,,,,,,,,,,,imported_from_fritzing,,,,,
Stefan Hermann,nan,LM35 Temperature Sensor,sensor,sensor,,,,,,,,,,,,,,,,,,,,,,,,,imported_from_fritzing,,,,,
SparkFun,nan,Logic Level Converter,power,regulator,,,,,,,,,,,,,,,,,,,,,http://www.sparkfun.com/products/8745,,,,imported_from_fritzing,,,,,
Lionel Michel,nan,Loudspeaker,actuator,buzzer,,,,,,,,,,,,,,,,,,,,,,,,,imported_from_fritzing,,,,,
SparkFun,nan,LSM303 Breakout Board - Tilt-Compensated Compass,sensor,magnetometer,,,,,,,,,,,,,,,,,,,,,http://www.sparkfun.com/products/9810,,,,imported_from_fritzing,,,,,
www.fritzing.org,nan,Luxeon LED,sensor,light,,,,,,,,,,,,,,,,,,,,,,,,,imported_from_fritzing,,,,,
www.fritzing.org,nan,LUXEON-REBEL,sensor,light,,,,,,,,,,,,,,,,,,,,,,,,,imported_from_fritzing,,,,,
Christopher Mann,nan,M5450 LED Driver,actuator,led,,,,,,,,,,,,,,,,,,,,,,,,,imported_from_fritzing,,,,,
www.fritzing.org,nan,MAG3110,sensor,magnetometer,,,,,,,,,,,,,,,,,,,,,,,,,imported_from_fritzing,,,,,
www.fritzing.org,nan,MAGJACK,sensor,magnetometer,,,,,,,,,,,,,,,,,,,,,,,,,imported_from_fritzing,,,,,
www.fritzing.org,nan,MAGJACK-2,sensor,magnetometer,,,,,,,,,,,,,,,,,,,,,,,,,imported_from_fritzing,,,,,
www.fritzing.org,nan,MAGJACK-POE,sensor,magnetometer,,,,,,,,,,,,,,,,,,,,,,,,,imported_from_fritzing,,,,,
www.fritzing.org,nan,MAGNET,sensor,magnetometer,,,,,,,,,,,,,,,,,,,,,,,,,imported_from_fritzing,,,,,
www.fritzing.org,nan,MAX1555 Lithium Charger IC,power,charger,,,,,,,,,,,,,,,,,,,,,,,,,imported_from_fritzing,,,,,
SparkFun,nan,Max Power IR LED Kit,actuator,led,,,,,,,,,,,,,,,,,,,,,http://www.sparkfun.com/products/10732,,,,imported_from_fritzing,,,,,
www.fritzing.org,nan,MCP73831,power,charger,,,,,,,,,,,,,,,,,,,,,,,,,imported_from_fritzing,,,,,
www.fritzing.org,nan,MICROCONTROLLER,controller,controller,,,,,,,,,,,,,,,,,,,,,,,,,imported_from_fritzing,,,,,
Lionel Michel,nan,Microphone,sensor,microphone,,,,,,,,,,,,,,,,,,,,,,,,,imported_from_fritzing,,,,,
Generic,nan,Micro Submersible Water Pump,actuator,pump,,fluid_flow,water_flow,3.0,5.0,,,,,POWER_SWITCHED_BY_RELAY,,,,,,,,,,,,,,,Drive via relay or MOSFET,,,,,
www.fritzing.org,nan,MMA7260,sensor,accelerometer,,,,,,,,,,,,,,,,,,,,,,,,,imported_from_fritzing,,,,,
www.fritzing.org,nan,MMA7361,sensor,accelerometer,,,,,,,,,,,,,,,,,,,,,,,,,imported_from_fritzing,,,,,
SFE and Fritzing,nan,Motor Driver 1A Dual TB6612FNG,actuator,motor_driver,,,,,,,,,,,,,,,,,,,,,https://www.sparkfun.com/products/9457,,,,imported_from_fritzing,,,,,
www.fritzing.org,nan,MPR121,sensor,touch,,,,,,,,,,,,,,,,,,,,,,,,,imported_from_fritzing,,,,,
fabian althaus,nan,MPR121 Breakout,sensor,touch,,,,,,,,,,,,,,,,,,,,,https://www.sparkfun.com/products/9695,,,,imported_from_fritzing,,,,,
Andre van Ooijen,nan,MPX2010 pressure sensor,sensor,generic,,,,,,,,,,,,,,,,,,,,,,,,,imported_from_fritzing,,,,,
Andre van Ooijen - Old Grey mod,nan,MPX4250AP pressure sensor,sensor,generic,,,,,,,,,,,,,,,,,,,,,,,,,imported_from_fritzing,,,,,
www.fritzing.org,nan,Nokia 6100 Color LCD,actuator,display_lcd,,,,,,,,,,,,,,,,,,,,,,,,,imported_from_fritzing,,,,,
nail,nan,OMRON PCB Power Relay – G5LE,actuator,actuator,,,,,,,,,,,,,,,,,,,,,http://www.omron.com/ecb/products/pry/121/g5le.html,,,,imported_from_fritzing,,,,,
DUTTY,nan,Passive Buzzer 3.3–5V,actuator,buzzer,,acoustic_signal,alarm_device,3.3,5.0,,,,,GPIO,,,,,,,,,,,,,,,,,,,,
www.fritzing.org,nan,PHOTOCELL,sensor,light,,,,,,,,,,,,,,,,,,,,,,,,,imported_from_fritzing,,,,,
,nan,Photocell (LDR),sensor,sensor,,,,,,,,,,,,,,,,,,,,,,,,,imported_from_fritzing,,,,,
"Brett Walach,Fabian Althaus",nan,Photon,controller,particle,,,,,,,,,,,,,,,,,,,,,https://www.particle.io,,,,imported_from_fritzing,,,,,
www.fritzing.org,nan,PHOTOTRANSISTOR REFLECTIVE OBJECT SENSOR,sensor,generic,,,,,,,,,,,,,,,,,,,,,,,,,imported_from_fritzing,,,,,
Lionel Michel,nan,Piezo Speaker,actuator,buzzer,,,,,,,,,,,,,,,,,,,,,,,,,imported_from_fritzing,,,,,
Generic,HC-SR501,PIR Motion Sensor HC-SR501,sensor,motion,motion,,human_presence,4.5,20.0,3.3,,,GPIO,GPIO,,,,,,,,,,,,,,,Adjustable sensitivity/time,,,,,
Dean Cording fixed by FA,nan,PowerBoost 500 Charger,power,regulator,,,,,,,,,,,,,,,,,,,,,https://www.adafruit.com/products/1944,,,,imported_from_fritzing,,,,,
SFE and Fritzing,nan,Power Cell LiPo Charger/Booster,power,battery,,,,,,,,,,,,,,,,,,,,,https://www.sparkfun.com/products/11231,,,,imported_from_fritzing,,,,,
Atlas Scientific,nan,Pre-Assembled Female BNC,actuator,led,,,,,,,,,,,,,,,,,,,,,https://www.atlas-scientific.com/product_pages/components/bnc.html,,,,imported_from_fritzing,,,,,
SparkFun,nan,QuadStepper,actuator,actuator,,,,,,,,,,,,,,,,,,,,,http://www.sparkfun.com/products/10507,,,,imported_from_fritzing,,,,,
Fabian Althaus,nan,Raspberry Pi 2,controller,rpi,,,,,,,,,,,,,,,,,,,,,http://www.raspberrypi.org/,,,,imported_from_fritzing,,,,,
Anudit Nagar,nan,Raspberry Pi 3,controller,rpi,,,,,,,,,,,,,,,,,,,,,http://www.raspberrypi.org/,,,,imported_from_fritzing,,,,,
Fabian Althaus,nan,Raspberry Pi A,controller,rpi,,,,,,,,,,,,,,,,,,,,,,,,,imported_from_fritzing,,,,,
Fabian Althaus,nan,Raspberry Pi B+,controller,rpi,,,,,,,,,,,,,,,,,,,,,http://www.raspberrypi.org/,,,,imported_from_fritzing,,,,,
Fabian Althaus,nan,Raspberry Pi B rev1,controller,rpi,,,,,,,,,,,,,,,,,,,,,,,,,imported_from_fritzing,,,,,
Fabian Althaus,nan,Raspberry Pi B rev2,controller,rpi,,,,,,,,,,,,,,,,,,,,,,,,,imported_from_fritzing,,,,,
Fabian Althaus,nan,Raspberry Pi Shield,controller,rpi,,,,,,,,,,,,,,,,,,,,,,,,,imported_from_fritzing,,,,,
Anudit Nagar (modifed by Peter Van Epp Jan 2018,nan,Raspberry Pi Zero,controller,rpi,,,,,,,,,,,,,,,,,,,,,http://www.raspberrypi.org/,,,,imported_from_fritzing,,,,,
Mike,nan,Real Time Clock Module - DS1307 RTC Breakout Board,sensor,rtc,,,,,,,,,,,,,,,,,,,,,,,,,imported_from_fritzing,,,,,
Stefan Hermann,nan,Red LED - 3mm,actuator,led,,,,,,,,,,,,,,,,,,,,,,,,,imported_from_fritzing,,,,,
Brendan Howell,nan,Red LED - 5mm,actuator,led,,,,,,,,,,,,,,,,,,,,,,,,,imported_from_fritzing,,,,,
Generic,nan,Reed Switch (Door State),sensor,contact,door_state,,garage_door,,,,,,GPIO,,,,,,,,,,,,https://a.co/d/1dbrfWd,,,,,,,,,
www.fritzing.org,nan,RELAY,actuator,actuator,,,,,,,,,,,,,,,,,,,,,,,,,imported_from_fritzing,,,,,
"www.squarewolf.nl, f.althaus",nan,RELAY,actuator,actuator,,,,,,,,,,,,,,,,,,,,,,,,,imported_from_fritzing,,,,,
,nan,Relay,actuator,actuator,,,,,,,,,,,,,,,,,,,,,,,,,imported_from_fritzing,,,,,
www.fritzing.org,nan,RELAY-2,actuator,actuator,,,,,,,,,,,,,,,,,,,,,,,,,imported_from_fritzing,,,,,
Generic,nan,Relay Module (4-Channel),actuator,relay,,power_state,appliance_power,5.0,5.0,,,,GPIO,GPIO,,,,,,,,,,,,https://a.co/d/hhuDaa6,,,,,,,,
www.fritzing.org,nan,RELAY-SOLIDSTATE,actuator,actuator,,,,,,,,,,,,,,,,,,,,,,,,,imported_from_fritzing,,,,,
Adafruit Industries,nan,RGB LED - (4 legs),actuator,led_rgb,,,,,,,,,,,,,,,,,,,,,,,,,imported_from_fritzing,,,,,
Lionel Michel,nan,RGB LED (6 legs),actuator,led_rgb,,,,,,,,,,,,,,,,,,,,,,,,,imported_from_fritzing,,,,,
stefanhermann,nan,"RGB LED (com. anode, rbg)",actuator,led_rgb,,,,,,,,,,,,,,,,,,,,,,,,,imported_from_fritzing,,,,,
stefanhermann,nan,"RGB LED (com. cathode, rbg)",actuator,led_rgb,,,,,,,,,,,,,,,,,,,,,,,,,imported_from_fritzing,,,,,
stefanhermann,nan,"RGB LED (com. cathode, rgb)",actuator,led_rgb,,,,,,,,,,,,,,,,,,,,,,,,,imported_from_fritzing,,,,,
Snootlab,nan,Rotoshield - Motor driver shield for Arduino,actuator,controller,,,,,,,,,,,,,,,,,,,,,http://shop.snootlab.com/shields-snootlab/87-rotoshield.html,,,,imported_from_fritzing,,,,,
Generic,DS3231,RTC Module (DS3231),controller,rtc_module,timekeeping,,system_time,3.3,5.0,,,,,I2C,,,,,,,,,,,,https://a.co/d/c1M53Ml,,,,,,,,
f.althaus,nan,SHT1x-Breakout,sensor,temp_humidity,,,,,,,,,,,,,,,,,,,,,https://www.sparkfun.com/products/13683,,,,imported_from_fritzing,,,,,
www.fritzing.org,nan,SHT1x Humdity Sensor,sensor,temp_humidity,,,,,,,,,,,,,,,,,,,,,,,,,imported_from_fritzing,,,,,
www.fritzing.org,nan,SMARTCARD,sensor,rtc,,,,,,,,,,,,,,,,,,,,,,,,,imported_from_fritzing,,,,,
fabian althaus,nan,SMD RGB LED (WS2812),actuator,led_rgb,,,,,,,,,,,,,,,,,,,,,,,,,imported_from_fritzing,,,,,
Generic,Capacitive Soil v1.2,Soil Moisture Sensor,sensor,moisture,soil_moisture,,soil,3.3,5.5,,,,ADC,,,,,,,,,,,,https://www.sparkfun.com/products/13322,,,,Capacitive type (corrosion resistant),,,,,
www.fritzing.org,nan,SOLAR-IXYS,power,solar,,,,,,,,,,,,,,,,,,,,,,,,,imported_from_fritzing,,,,,
Lionel Michel,nan,Solenoid,actuator,pump,,,,,,,,,,,,,,,,,,,,,,,,,imported_from_fritzing,,,,,
f.althaus,nan,SparkFun ESP8266 Thing,controller,esp8266,,,,2.5,3.6,3.3,,,UART|I2C|SPI|ADC|GPIO,,,,,,,,,,,,https://www.sparkfun.com/products/13231,,,,imported_from_fritzing,,,,,
fredrmag,nan,SparkFun IMU Breakout - MPU-9250,sensor,imu,,,,,,,,,,,,,,,,,,,,,https://www.sparkfun.com/products/13762,,,,imported_from_fritzing,,,,,
joev.noise,nan,SparkFun Load Sensor Combinator,sensor,generic,,,,,,,,,,,,,,,,,,,,,https://www.sparkfun.com/products/13281,,,,imported_from_fritzing,,,,,
SparkFun and Fritzing toolkit,nan,SparkFun RPI-1031 Tilt-a-Whirl Breakout,controller,rpi,,,,,,,,,,,,,,,,,,,,,https://www.sparkfun.com/products/10621,,,,imported_from_fritzing,,,,,
www.fritzing.org,nan,SPEAKER,actuator,buzzer,,,,,,,,,,,,,,,,,,,,,,,,,imported_from_fritzing,,,,,
Peter Boman,nan,Stepper Motor - Bipolar,actuator,motor_stepper,,angular_position,linear_axis,12.0,24.0,,,,DRIVEN_BY_DRIVER,,,,,,,,,,,,,,,,imported_from_fritzing,,,,,
Peter Boman,nan,Stepper Motor - Unipolar,actuator,motor_stepper,,angular_position,linear_axis,12.0,24.0,,,,DRIVEN_BY_DRIVER,,,,,,,,,,,,,,,,imported_from_fritzing,,,,,
www.fritzing.org,nan,ST-GYRO-PR,sensor,gyro,,,,,,,,,,,,,,,,,,,,,,,,,imported_from_fritzing,,,,,
www.fritzing.org,nan,ST-GYRO-PY,sensor,gyro,,,,,,,,,,,,,,,,,,,,,,,,,imported_from_fritzing,,,,,
jonathan,nan,STM32F103,controller,controller,,,,,,,,,,,,,,,,,,,,,,,,,imported_from_fritzing,,,,,
Jungho Park (modified by vanepp jan 2019),nan,STM32F103C8T6 blue mini board,controller,controller,,,,,,,,,,,,,,,,,,,,,https://wiki.stm32duino.com/index.php?title=Blue_Pill,,,,imported_from_fritzing,,,,,
Frode Lillerud,nan,STM32F40x,controller,controller,,,,,,,,,,,,,,,,,,,,,,,,,imported_from_fritzing,,,,,
fabian althaus,nan,STM32 Nucleo boards,controller,controller,,,,,,,,,,,,,,,,,,,,,,,,,imported_from_fritzing,,,,,
stefanhermann,nan,Super Flux LED blue,sensor,light,,,,,,,,,,,,,,,,,,,,,,,,,imported_from_fritzing,,,,,
stefanhermann,nan,Super Flux RGB LED (com. anode),sensor,light,,,,,,,,,,,,,,,,,,,,,,,,,imported_from_fritzing,,,,,
stefanhermann,nan,Super Flux RGB LED (com. cathode),sensor,light,,,,,,,,,,,,,,,,,,,,,,,,,imported_from_fritzing,,,,,
www.fritzing.org,nan,Switching step-up voltage regulator,power,regulator,,,,,,,,,,,,,,,,,,,,,,,,,imported_from_fritzing,,,,,
Lionel Michel,nan,Teensy 2.0,controller,teensy,,,,,,,,,,,,,,,,,,,,,,,,,imported_from_fritzing,,,,,
lionelmichel,nan,Teensy++ 2.0,controller,teensy,,,,,,,,,,,,,,,,,,,,,,,,,imported_from_fritzing,,,,,
Fabian Althaus,nan,Teensy 3.0,controller,teensy,,,,,,,,,,,,,,,,,,,,,,,,,imported_from_fritzing,,,,,
Fabian Althaus modified by Ouinouin,nan,Teensy 3.1,controller,teensy,,,,,,,,,,,,,,,,,,,,,http://www.pjrc.com/teensy,,,,imported_from_fritzing,,,,,
www.fritzing.org,nan,TEMPERATURE-SENSOR,sensor,sensor,,,,,,,,,,,,,,,,,,,,,,,,,imported_from_fritzing,,,,,
Brendan Howell,nan,Temperature Sensor (Thermistor),sensor,sensor,,,,,,,,,,,,,,,,,,,,,,,,,imported_from_fritzing,,,,,
Riccardo Marchesi,nan,Textile Analog Pressure Sensor,sensor,generic,,,,,,,,,,,,,,,,,,,,,http://www.plugandwear.com/default.asp?mod=product&cat_id=86&product_id=223,,,,imported_from_fritzing,,,,,
Riccardo Marchesi,nan,Textile Stretch Sensor,sensor,generic,,,,,,,,,,,,,,,,,,,,,http://www.plugandwear.com/default.asp?mod=product&cat_id=86&product_id=167,,,,imported_from_fritzing,,,,,
Analog Devices,nan,"TMP01 - Low Power, Programmable Temperature Controller",sensor,sensor,,,,,,,,,,,,,,,,,,,,,http://www.analog.com/tmp01,,,,imported_from_fritzing,,,,,
www.fritzing.org,nan,TMP102,sensor,temp_humidity,,,,,,,,,,,,,,,,,,,,,,,,,imported_from_fritzing,,,,,
www.fritzing.org,nan,TMP36,sensor,temp_humidity,,,,,,,,,,,,,,,,,,,,,,,,,imported_from_fritzing,,,,,
Jonathan Cohen,nan,TMP36 Temperature Sensor,sensor,sensor,,,,,,,,,,,,,,,,,,,,,,,,,imported_from_fritzing,,,,,
SparkFun,nan,Tri-Axis Gyro Breakout - L3G4200D,sensor,gyro,,,,,,,,,,,,,,,,,,,,,http://www.sparkfun.com/products/10612,,,,imported_from_fritzing,,,,,
www.fritzing.org,nan,Tri-Color LED SMD,actuator,led,,,,,,,,,,,,,,,,,,,,,,,,,imported_from_fritzing,,,,,
www.fritzing.org,nan,Triple Axis Accelerometer,sensor,accelerometer,,,,,,,,,,,,,,,,,,,,,,,,,imported_from_fritzing,,,,,
SparkFun,nan,Triple Axis Accelerometer Breakout - ADXL335,sensor,accelerometer,,,,,,,,,,,,,,,,,,,,,http://www.sparkfun.com/products/9269,,,,imported_from_fritzing,,,,,
SparkFun,nan,Triple Axis Accelerometer Breakout - ADXL345,sensor,accelerometer,,,,,,,,,,,,,,,,,,,,,http://www.sparkfun.com/products/9836,,,,imported_from_fritzing,,,,,
SparkFun,nan,Triple Axis Gyro Breakout ITG-3200,sensor,gyro,,,,,,,,,,,,,,,,,,,,,http://www.sparkfun.com/products/9801,,,,imported_from_fritzing,,,,,
SparkFun,nan,Triple Axis Magnetometer - HMC5883 Breakout,sensor,magnetometer,,,,,,,,,,,,,,,,,,,,,,,,,imported_from_fritzing,,,,,
Generic,HC-SR04,Ultrasonic Sensor HC-SR04,sensor,distance,distance,,obstacle_proximity,4.5,5.5,5.0,,,GPIO_TRIGGER_ECHO,GPIO_TRIGGER_ECHO,,,,,,,2.0,400.0,cm,,,https://a.co/d/7q0t4N3,,,,,,,,
SparkFun,nan,USB LiPoly Charger,power,battery,,,,,,,,,,,,,,,,,,,,,http://www.sparkfun.com/products/10161,,,,imported_from_fritzing,,,,,
www.fritzing.org,nan,VENUS634,sensor,gps,,,,,,,,,,,,,,,,,,,,,,,,,imported_from_fritzing,,,,,
www.fritzing.org,nan,Venus638FLPX-L GPS Receiver,sensor,gps,,,,,,,,,,,,,,,,,,,,,,,,,imported_from_fritzing,,,,,
www.fritzing.org,nan,Vibration Motor- ROB-08449,actuator,motor_dc,,,,,,,,,,,,,,,,,,,,,,,,,imported_from_fritzing,,,,,
www.fritzing.org,nan,Voltage Regulator,power,regulator,,,,,,,,,,,,,,,,,,,,,,,,,imported_from_fritzing,,,,,
Jenny,nan,Voltage Regulator - 3.3V,power,regulator,,,,3.3,3.3,,,,,,,,,,,,,,,,,,,,imported_from_fritzing,,,,,
Jenny,nan,Voltage Regulator - 5V,power,regulator,,,,5.0,5.0,,,,,,,,,,,,,,,,,,,,imported_from_fritzing,,,,,
Mr.T,nan,Voltage Regulator - 5V,power,regulator,,,,5.0,5.0,,,,,,,,,,,,,,,,,,,,imported_from_fritzing,,,,,
www.fritzing.org,nan,Voltage Regulator LDO,power,regulator,,,,,,,,,,,,,,,,,,,,,,,,,imported_from_fritzing,,,,,
www.fritzing.org,nan,Voltage Regulator LM1117,power,regulator,,,,,,,,,,,,,,,,,,,,,,,,,imported_from_fritzing,,,,,
Jenny,nan,Voltage Regulator - Variable,power,regulator,,,,,,,,,,,,,,,,,,,,,,,,,imported_from_fritzing,,,,,
"Mike Causer, fixed:f.althaus",nan,WeMos D1 Mini,controller,esp8266,,,,,,,,,,,,,,,,,,,,,http://wemos.cc,,,,imported_from_fritzing,,,,,
Mike Causer,nan,WeMos D1 Mini 1 Button Shield,controller,esp8266,,,,,,,,,,,,,,,,,,,,,http://wemos.cc,,,,imported_from_fritzing,,,,,
Mike Causer,nan,WeMos D1 Mini Battery Shield,controller,esp8266,,,,,,,,,,,,,,,,,,,,,http://wemos.cc,,,,imported_from_fritzing,,,,,
Mike Causer,nan,WeMos D1 Mini Dual Base Shield,controller,esp8266,,,,,,,,,,,,,,,,,,,,,http://wemos.cc,,,,imported_from_fritzing,,,,,
Mike Causer,nan,WeMos D1 Mini Micro SD Shield,controller,esp8266,,,,,,,,,,,,,,,,,,,,,http://wemos.cc,,,,imported_from_fritzing,,,,,
Mike Causer,nan,WeMos D1 Mini Motor Shield,actuator,generic,,,,,,,,,,,,,,,,,,,,,http://wemos.cc,,,,imported_from_fritzing,,,,,
Mike Causer,nan,WeMos D1 Mini OLED Shield,controller,esp8266,,,,,,,,,,,,,,,,,,,,,http://wemos.cc,,,,imported_from_fritzing,,,,,
Mike Causer,nan,WeMos D1 Mini Protoboard Shield,controller,esp8266,,,,,,,,,,,,,,,,,,,,,http://wemos.cc,,,,imported_from_fritzing,,,,,
Mike Causer,nan,WeMos D1 Mini Relay Shield,actuator,actuator,,,,,,,,,,,,,,,,,,,,,http://wemos.cc,,,,imported_from_fritzing,,,,,
Mike Causer,nan,WeMos D1 Mini Relay Shield V2,actuator,actuator,,,,,,,,,,,,,,,,,,,,,http://wemos.cc,,,,imported_from_fritzing,,,,,
Mike Causer,nan,WeMos D1 Mini WS2812B RGB Shield,controller,esp8266,,,,,,,,,,,,,,,,,,,,,http://wemos.cc,,,,imported_from_fritzing,,,,,
andre,nan,Wiring USB Adapter,power,adapter,,,,,,,,,,,,,,,,,,,,,,,,,imported_from_fritzing,,,,,
fabian althaus,nan,ws2812b,actuator,led_rgb,,,,,,,,,,,,,,,,,,,,,,,,,imported_from_fritzing,,,,,
Fritzing Part-o-matic,nan,XBee USB Mini Adapter,power,adapter,,,,,,,,,,,,,,,,,,,,,,,,,imported_from_fritzing,,,,,
www.fritzing.org,nan,XMEGA-100,controller,controller,,,,,,,,,,,,,,,,,,,,,,,,,imported_from_fritzing,,,,,
www.fritzing.org,nan,XMEGA-A3,controller,controller,,,,,,,,,,,,,,,,,,,,,,,,,imported_from_fritzing,,,,,
"Richard Bruneau, f.althaus",nan,ZS-042 RTC Module,sensor,rtc,,,,,,,,,,,,,,,,,,,,,,,,,imported_from_fritzing,,,,,
SparkFun,DEV-12640,Arduino Pro Micro 5V,controller,arduino,,,,4.5,5.5,5.0,,,UART|I2C|SPI|USB,,,,,,,,,,,,,15.52,USD,,ATmega32U4,,,,,
SparkFun,DEV-11114,Arduino Pro Mini 3.3V,controller,arduino,,,,3.3,12.0,3.3,,,UART|I2C|SPI,,,,,,,,,,,,,10.95,USD,,Requires FTDI programmer,,,,,
Adafruit,2772,Adafruit Feather M0 Basic,controller,feather,,,,3.3,6.0,3.3,,,UART|I2C|SPI|USB,,,,,,,,,,,,,6.85,GBP,,ATSAMD21 Cortex M0,,,,,
Adafruit,3500,Adafruit Trinket M0,controller,microcontroller,,,,3.0,5.5,3.3,,,I2C|SPI|USB,,,,,,,,,,,,,5.746,USD,,Tiny Python board,,,,,
Micro:bit Foundation,MBIT-V2,BBC micro:bit v2,controller,microbit,,,,1.8,3.6,3.3,,,I2C|SPI|BLE,,,,,,,,,,,,,,,,"Education focused, built-in LED matrix",,,,,
Particle,PHOTON2,Particle Photon 2,controller,particle,,,,3.3,5.5,3.3,,,UART|I2C|SPI|WiFi,,,,,,,,,,,,,,,,IoT Cloud integrated,,,,,
NVIDIA,945-13450-0000-100,NVIDIA Jetson Nano,controller,sbc,,,,5.0,5.0,,,,UART|I2C|SPI|CSI|HDMI,,,,,,,,,,,,,241.45,SGD,,AI/ML Edge Computing,,,,,
Bosch,BNO055,BNO055 Absolute Orientation,sensor,imu,orientation|acceleration|magnetic_field,,device_orientation,2.4,3.6,,,,I2C|UART,,,,,,,,,,,,,3.859,EUR,,On-board sensor fusion,,,,,
Sensirion,SGP30,SGP30 TVOC/eCO2 Gas,sensor,gas,TVOC|eCO2,,indoor_air_quality,1.6,1.9,,,,I2C,0x58,,,,,,,,,,,,3.576,USD,,Indoor air quality,,,,,
Honeywell,HMC5883L,HMC5883L Magnetometer,sensor,magnetometer,magnetic_field,,magnetic_north,2.1,3.6,,,,I2C,0x1E,,,,,,,,,,,,9.378,USD,,Digital Compass,,,,,
AMS,TCS34725,TCS34725 RGB Color,sensor,color,color|illuminance,,surface_color,3.3,3.3,,,,I2C,0x29,,,,,,,,,,,,1.842,EUR,,IR filter included,,,,,
Maxim,MAX30102,MAX30102 Pulse Oximeter,sensor,biometric,heart_rate|spo2,,human_finger,1.8,3.3,,,,I2C,0x57,,,,,,,,,,,,4.7801,USD,,Heart rate & oxygen,,,,,
STMicro,VL53L1X,VL53L1X Long Range ToF,sensor,distance,distance,,obstacle_proximity,2.6,3.5,,,,I2C,,,,,,,,,400.0,cm,,,12.99,USD,,Up to 4m range,,,,,
Vishay,VEML7700,VEML7700 Lux Sensor,sensor,light,illuminance,,ambient_light,2.5,3.6,,,,I2C,,,,,,,,,120000.0,lux,,,0.43,EUR,,,,,,,
Sensirion,SHT31-D,SHT31-D Temp/Humidity,sensor,temp_humidity,temperature|humidity,,room_air,2.4,5.5,,,,I2C,,,,,,,2.0,,,,,,2.44,USD,,,,,,,
Avia,HX711,HX711 Load Cell Amp,sensor,force,weight|force,,load_mass,2.6,5.5,,,,Digital (2-wire),,,,,,,,,,,,,0.67416,USD,,24-bit ADC for scales,,,,,
Plantower,PMSA003,PMSA003 PM2.5 Sensor,sensor,particle,pm2.5|pm10,,air_quality,5.0,5.0,,,,UART,,,,,,,,,,,,,,,,Laser particle counter,,,,,
Sharp,GP2Y0A21YK0F,Sharp IR 10-80cm,sensor,distance,distance,,obstacle_proximity,4.5,5.5,,,,ADC,,,,,,,,10.0,80.0,cm,,,2.211,EUR,,,,,,,
Generic,LJ12A3-4-Z/BX,Inductive Proximity Sensor,sensor,proximity,metal_presence,,metal_object,6.0,36.0,,,,Digital (NPN),,,,,,,,,4.0,mm,,,,,,Detects metal only,,,,,
Generic,YF-S201,Water Flow Sensor YF-S201,sensor,flow,flow_rate,,water_pipe,5.0,18.0,,,,Digital (Pulse),,,,,,,,1.0,30.0,L/min,,,,,,,,,,,
Generic,NTC-10k-3950,NTC Thermistor 10k,sensor,temperature,temperature,,device_temp,0.0,5.0,,,,ADC,,,,,,,,,,,,,,,,Requires voltage divider,,,,,
Generic,17HS4401,NEMA 17 Stepper Motor,actuator,motor_stepper,,angular_position,linear_axis,12.0,24.0,,,,DRIVEN_BY_DRIVER,,,,,,,,,,,,,,,,Bipolar 4-wire,,,,,
Allegro,A4988,A4988 Stepper Driver,actuator,motor_driver,,motor_step,stepper_motor,8.0,35.0,,2000.0,,GPIO (Step/Dir),,,,,,,,,,,,,0.368,EUR,,Microstepping driver,,,,,
TI,DRV8825,DRV8825 Stepper Driver,actuator,motor_driver,,motor_step,stepper_motor,8.2,45.0,,2500.0,,GPIO (Step/Dir),,,,,,,,,,,,,126.65,USD,,1/32 Microstepping,,,,,
Pololu,3063,Micro Metal Gearmotor 50:1,actuator,motor_dc,,angular_velocity,robot_wheel,3.0,9.0,,,,DRIVEN_BY_DRIVER,,,,,,,,,,,,,1.64,GBP,,High precision gearbox,,,,,
Generic,"Solenoid 1/2""",Solenoid Valve 12V,actuator,valve,,fluid_flow,liquid_pipe,12.0,12.0,,,,POWER_SWITCHED,,,,,,,,,,,,,,,,Normally closed,,,,,
Adafruit,2226,NeoPixel Jewel 7,actuator,led_rgb,,luminous_color|brightness,visual_indicator,3.5,5.5,,,,Digital (NZR),,,,,,,,,,,,,0.03,USD,,,,,,,
Waveshare,2.13inch e-Paper,"e-Ink Display 2.13""",actuator,display_epaper,,visual_display,static_info,3.3,3.3,,,,SPI,,,,,,,,,,,,,7.9652,EUR,,"Low power, retains image",,,,,
Generic,1200mAh LiPo,LiPo Battery 3.7V 1200mAh,power,battery,,,,3.0,4.2,,,,,,,,,,,,,,,,,,,,JST-PH connector,,,,,
Generic,500mAh LiPo,LiPo Battery 3.7V 500mAh,power,battery,,,,3.0,4.2,,,,,,,,,,,,,,,,,,,,Tiny for wearables,,,,,
Generic,Solar 6V 1W,Solar Panel 6V 1W,power,solar,,,,0.0,7.2,,,,,,,,,,,,,,,,,,,,Small epoxy panel,,,,,
Generic,MT3608,MT3608 Boost Converter,power,regulator,,,,2.0,24.0,,,,,,,,,,,,,,,,,,,,Step-up only (2A max),,,,,
Generic,CR2032 Holder,CR2032 Coin Cell Holder,power,battery,,,,3.0,3.0,,,,,,,,,,,,,,,,,,,,For RTCs or small sensors,,,,,
Generic,HC-SR04,HC-SR04 Ultrasonic,sensor,distance,distance,,obstacle_proximity,4.5,5.5,5.0,,,GPIO_TRIGGER_ECHO,,,,,,,,2.0,400.0,cm,,,,,,,,,,,
Generic,DHT22,DHT22 (AM2302),sensor,temp_humidity,temperature|humidity,,room_air,3.3,6.0,,,,Digital,,,,,,,2.0,-40.0,80.0,degC,,,,,,,,,,,
TowerPro,MG996R,MG996R High Torque Servo,actuator,motor_servo,,angular_position,robotic_joint,4.8,7.2,,,,PWM,,,,,,,,,,,,,,,,Metal gear,,,,,
Arduino,A000066,Arduino Uno R3,controller,arduino,,,,7.0,12.0,5.0,,,UART|I2C|SPI|ADC|GPIO,,,,,,,,,,,,,17.23,GBP,,The standard starter board,,,,,16.0
Arduino,A000005,Arduino Nano,controller,arduino,,,,7.0,12.0,5.0,,,UART|I2C|SPI|ADC|GPIO,,,,,,,,,,,,,16.49,GBP,,Breadboard friendly,,,,,
Espressif,ESP32-DevKitC,ESP32 DevKitC,controller,esp32,,,,2.2,3.6,3.3,,,UART|I2C|SPI|I2S|ADC|DAC|GPIO,,,,,,,,,,,,,8.76,USD,,WiFi + BT LE,,,,,
Generic,NodeMCU v2,ESP8266 NodeMCU,controller,esp8266,,,,2.5,3.6,3.3,,,UART|I2C|SPI|ADC|GPIO,,,,,,,,,,,,,,,,Cheap WiFi,,,,,
Raspberry Pi,RPI4-MODBP,Raspberry Pi 4 Model B,controller,sbc,,,,5.0,5.25,3.3,,,UART|I2C|SPI|GPIO|HDMI|USB,,,,,,,,,,,,,25.64,GBP,,Linux SBC,,,,,
Raspberry Pi,SC0915,Raspberry Pi Pico,controller,microcontroller,,,,1.8,5.5,3.3,,,UART|I2C|SPI|ADC|GPIO,,,,,,,,,,,,,3.05,GBP,,RP2040 Dual Core M0+,,,,,
Generic,DHT11,DHT11 Temp/Humidity,sensor,temp_humidity,temperature|humidity,,room_air,3.5,5.5,,,,Digital,,,,,,,5.0,0.0,50.0,degC,,,,,,,,,,,
Bosch,BMP180,BMP180 Barometer,sensor,pressure,pressure|temperature,,room_air,1.8,3.6,,,,I2C,0x77,,,,,,,,,,,,5.9071,USD,,,,,,,
Dallas,DS18B20,DS18B20 Temp Probe,sensor,temperature,temperature,,liquid,3.0,5.5,,,,OneWire,,,,,,,,-55.0,125.0,degC,,,1.75,USD,,Waterproof available,,,,,
Analog Devices,TMP36,TMP36 Analog Temp,sensor,temperature,temperature,,pcb|device,2.7,5.5,,,,ADC,,,,,,,,,,,,,0.54,USD,,Simple analog output,,,,,
AMS,CCS811,CCS811 Air Quality,sensor,gas,eCO2|TVOC,,room_air,1.8,3.3,,,,I2C,0x5A,,,,,,,,,,,,,,,,,,,,
Generic,MQ-2,MQ-2 Gas Sensor,sensor,gas,smoke|lpg|propane,,room_air,5.0,5.0,,,,ADC|Digital,,,,,,,,,,,,,,,,Heater needs warmup,,,,,
Generic,HC-SR501,HC-SR501 PIR,sensor,motion,motion,,human_presence,4.5,20.0,3.3,,,GPIO,,,,,,,,,,,,,,,,Infrared motion,,,,,
STMicro,VL53L0X,VL53L0X ToF,sensor,distance,distance,,obstacle_proximity,2.6,3.5,,,,I2C,0x29,,,,,,,,200.0,cm,,,7.7013,USD,,Laser Time-of-Flight,,,,,
InvenSense,MPU-6050,MPU-6050 IMU,sensor,imu,acceleration|angular_velocity,,device_orientation,2.3,3.4,,,,I2C,0x68,,,,,,,,,,,,3.439,EUR,,6-DOF,,,,,
Analog Devices,ADXL345,ADXL345 Accelerometer,sensor,accelerometer,acceleration,,device_motion,2.0,3.6,,,,I2C|SPI,0x53,,,,,,,,,,,,1.0,USD,,,,,,,
Generic,GL5528,LDR Photoresistor,sensor,light,illuminance,,ambient_light,0.0,100.0,,,,ADC,,,,,,,,,,,,,,,,Passive component,,,,,
AMS,TSL2561,TSL2561 Lux Sensor,sensor,light,illuminance,,ambient_light,2.7,3.6,,,,I2C,0x39,,,,,,,,,,,,1.474,EUR,,,,,,,
Generic,TTP223,Capacitive Touch TTP223,sensor,touch,touch,,user_input,2.0,5.5,,,,GPIO,,,,,,,,,,,,,,,,Single pad,,,,,
TI,INA219,INA219 Current Sensor,sensor,current,current|voltage|power,,circuit_power,3.0,5.5,,,,I2C,0x40,,,,,,,,,,,,0.295,EUR,,High side measure,,,,,
TowerPro,SG90,SG90 Micro Servo,actuator,motor_servo,,angular_position,mechanical_arm,4.8,6.0,,,,PWM,,,,,,,,0.0,180.0,deg,,,0.147,EUR,,,,,,,
Generic,28BYJ-48,28BYJ-48 Stepper + ULN2003,actuator,motor_stepper,,angular_position,precision_drive,5.0,5.0,,,,GPIO,,,,,,,,,,,,,,,,4-phase 5-wire,,,,,
STMicro,L298N Module,L298N Motor Driver,actuator,motor_driver,,motor_velocity,dc_motor,5.0,35.0,,2000.0,,GPIO|PWM,,,,,,,,,,,,,,,,,,,,,
Toshiba,TB6612FNG,TB6612FNG Driver,actuator,motor_driver,,motor_velocity,dc_motor,4.5,13.5,,1200.0,,GPIO|PWM,,,,,,,,,,,,,0.30863,USD,,Efficient dual H-bridge,,,,,
Generic,SSD1306,SSD1306 OLED 128x64,actuator,display_oled,,visual_display,user_interface,3.3,5.0,,,,I2C,0x3C,,,,,,,,,,,,,,,,,,,,
Generic,HD44780+PCF8574,16x2 LCD (I2C),actuator,display_lcd,,visual_display,user_interface,4.5,5.5,,,,I2C,0x27,,,,,,,,,,,,,,,,,,,,
Worldsemi,WS2812B,WS2812B RGB LED,actuator,led_rgb,,color|brightness,indicator_light,3.5,5.3,,,,Digital (NZR),,,,,,,,,,,,,0.10358,USD,,Neopixel compatible,,,,,
Generic,Relay 5V,Relay Module 1-Ch,actuator,relay,,power_state,appliance_power,5.0,5.0,,,,GPIO,,,,,,,,,,,,,,,,Optoisolated,,,,,
Generic,Active Buzzer,Active Buzzer,actuator,buzzer,,sound,alarm_signal,3.3,5.0,,,,GPIO,,,,,,,,,,,,,,,,,,,,,
Generic,LM2596,LM2596 Buck Converter,power,regulator,,,,3.2,40.0,,,,,,,,,,,,,,,,,,,,"Step-down, adjustable",,,,,
AMS,AMS1117-3.3,AMS1117-3.3 LDO,power,regulator,,,,4.5,15.0,,,,,,,,,,,,,,,,,0.03637,USD,,3.3V fixed output,,,,,
Generic,TP4056,TP4056 LiPo Charger,power,charger,,,,4.5,5.5,,,,USB,,,,,,,,,,,,,,,,1A charging current,,,,,
Generic,Clip-9V,9V Battery Clip,power,battery,,,,9.0,9.0,,,,,,,,,,,,,,,,,,,,,,,,,
Generic,Holder-18650,18650 Battery Holder,power,battery,,,,3.7,4.2,,,,,,,,,,,,,,,,,,,,,,,,,
